user_id,url,session_id,timestamp,page_views,session_length_seconds,is_bounce
u057,/signup,sess_0001,2024-01-01 04:11:17,11,899,0
u183,/terms,sess_0002,2024-01-01 02:25:06,16,1398,0
u139,/about,sess_0003,2024-01-01 07:57:27,5,980,0
u023,/about,sess_0004,2024-01-01 05:36:45,12,271,0
u169,/faq,sess_0005,2024-01-01 13:02:02,12,926,0
u146,/login,sess_0006,2024-01-01 00:21:38,8,1476,0
u145,/about,sess_0007,2024-01-01 21:12:48,8,296,0
u076,/contact,sess_0008,2024-01-01 12:12:15,2,2801,0
u134,/checkout,sess_0009,2024-01-01 03:22:43,7,1919,0
u099,/terms,sess_0010,2024-01-01 19:50:10,3,1327,0
u196,/contact,sess_0011,2024-01-01 11:39:08,12,3077,0
u093,/contact,sess_0012,2024-01-01 13:45:09,13,2650,0
u023,/contact,sess_0013,2024-01-01 23:52:20,20,1198,0
u146,/signup,sess_0014,2024-01-01 19:47:19,5,1351,0
u095,/pricing,sess_0015,2024-01-01 21:40:17,16,1447,0
u144,/pricing,sess_0016,2024-01-01 01:45:37,1,3459,1
u025,/cart,sess_0017,2024-01-01 12:14:03,18,559,0
u106,/cart,sess_0018,2024-01-01 20:05:00,15,940,0
u095,/search,sess_0019,2024-01-01 13:09:34,11,2295,0
u064,/search,sess_0020,2024-01-01 12:32:42,11,1406,0
u085,/pricing,sess_0021,2024-01-01 19:40:15,19,2260,0
u099,/signup,sess_0022,2024-01-01 22:04:54,18,679,0
u178,/contact,sess_0023,2024-01-01 11:37:03,5,626,0
u157,/faq,sess_0024,2024-01-01 07:28:40,6,8,0
u094,/signup,sess_0025,2024-01-01 07:27:20,20,3196,0
u033,/signup,sess_0026,2024-01-01 15:22:11,5,567,0
u139,/faq,sess_0027,2024-01-01 20:44:58,8,501,0
u182,/login,sess_0028,2024-01-01 05:52:45,11,2874,0
u175,/pricing,sess_0029,2024-01-01 04:37:37,16,765,0
u172,/product,sess_0030,2024-01-01 13:42:58,18,187,0
u033,/login,sess_0031,2024-01-01 18:37:49,13,2289,0
u066,/home,sess_0032,2024-01-01 03:06:53,3,2685,0
u143,/faq,sess_0033,2024-01-01 03:02:42,15,3072,0
u033,/checkout,sess_0034,2024-01-01 08:34:45,3,3518,0
u071,/blog,sess_0035,2024-01-01 06:10:24,3,634,0
u058,/blog,sess_0036,2024-01-01 10:08:34,16,742,0
u192,/blog,sess_0037,2024-01-01 22:35:25,7,2173,0
u008,/about,sess_0038,2024-01-01 16:28:03,7,1769,0
u023,/cart,sess_0039,2024-01-01 07:09:52,17,3529,0
u133,/home,sess_0040,2024-01-01 00:24:17,10,535,0
u123,/search,sess_0041,2024-01-01 22:29:27,11,684,0
u124,/product,sess_0042,2024-01-01 14:36:54,12,1804,0
u198,/login,sess_0043,2024-01-01 00:27:27,1,426,1
u140,/pricing,sess_0044,2024-01-01 00:16:54,15,1068,0
u061,/blog,sess_0045,2024-01-01 13:20:08,18,3387,0
u084,/faq,sess_0046,2024-01-01 20:15:56,10,1105,0
u057,/product,sess_0047,2024-01-01 12:05:49,9,735,0
u008,/checkout,sess_0048,2024-01-01 01:43:03,9,666,0
u113,/checkout,sess_0049,2024-01-01 14:57:33,6,2741,0
u078,/product,sess_0050,2024-01-01 18:04:03,2,326,0
u098,/checkout,sess_0051,2024-01-01 18:51:17,13,2345,0
u043,/search,sess_0052,2024-01-01 18:12:14,16,810,0
u115,/blog,sess_0053,2024-01-01 03:07:23,20,549,0
u038,/login,sess_0054,2024-01-01 19:07:59,17,2592,0
u191,/about,sess_0055,2024-01-01 03:05:00,9,652,0
u169,/about,sess_0056,2024-01-01 19:33:07,7,3145,0
u162,/signup,sess_0057,2024-01-01 04:08:09,17,2760,0
u054,/signup,sess_0058,2024-01-01 22:13:19,7,3559,0
u016,/terms,sess_0059,2024-01-01 15:17:23,9,2060,0
u057,/privacy,sess_0060,2024-01-01 03:14:50,1,2156,1
u189,/product,sess_0061,2024-01-01 04:44:53,6,2148,0
u097,/blog,sess_0062,2024-01-01 16:59:57,15,2942,0
u135,/faq,sess_0063,2024-01-01 13:31:46,17,843,0
u033,/checkout,sess_0064,2024-01-01 18:13:33,1,1869,1
u123,/about,sess_0065,2024-01-01 03:56:50,2,2001,0
u029,/pricing,sess_0066,2024-01-01 05:59:54,5,1014,0
u198,/home,sess_0067,2024-01-01 03:06:44,17,2366,0
u141,/blog,sess_0068,2024-01-01 13:50:32,7,1094,0
u086,/login,sess_0069,2024-01-01 01:28:17,10,2402,0
u027,/product,sess_0070,2024-01-01 05:43:55,16,2082,0
u104,/blog,sess_0071,2024-01-01 04:41:42,4,2087,0
u019,/cart,sess_0072,2024-01-01 18:49:21,18,1422,0
u149,/blog,sess_0073,2024-01-01 11:23:36,11,168,0
u038,/about,sess_0074,2024-01-01 08:49:25,13,739,0
u034,/signup,sess_0075,2024-01-01 10:46:15,20,1975,0
u028,/terms,sess_0076,2024-01-01 20:35:31,9,429,0
u175,/terms,sess_0077,2024-01-01 01:07:27,10,1660,0
u055,/privacy,sess_0078,2024-01-01 08:04:40,7,2849,0
u053,/terms,sess_0079,2024-01-01 12:01:46,6,1633,0
u154,/terms,sess_0080,2024-01-01 08:46:25,3,72,0
u153,/product,sess_0081,2024-01-01 13:20:51,13,2871,0
u080,/about,sess_0082,2024-01-01 04:29:30,12,494,0
u023,/pricing,sess_0083,2024-01-01 10:32:55,15,232,0
u097,/product,sess_0084,2024-01-01 02:40:25,15,2353,0
u035,/search,sess_0085,2024-01-01 03:36:37,3,2723,0
u062,/product,sess_0086,2024-01-01 19:51:08,19,1214,0
u121,/privacy,sess_0087,2024-01-01 18:50:41,11,2843,0
u067,/search,sess_0088,2024-01-01 10:08:39,11,3437,0
u160,/terms,sess_0089,2024-01-01 09:32:50,7,3364,0
u092,/contact,sess_0090,2024-01-01 08:16:55,6,1085,0
u166,/blog,sess_0091,2024-01-01 04:20:55,11,1254,0
u025,/about,sess_0092,2024-01-01 21:52:15,18,1064,0
u186,/login,sess_0093,2024-01-01 02:24:05,16,2942,0
u141,/search,sess_0094,2024-01-01 14:09:19,6,604,0
u173,/privacy,sess_0095,2024-01-01 06:55:15,9,3507,0
u090,/cart,sess_0096,2024-01-01 14:15:15,6,3012,0
u168,/contact,sess_0097,2024-01-01 03:35:14,4,2780,0
u022,/contact,sess_0098,2024-01-01 04:33:33,4,957,0
u190,/search,sess_0099,2024-01-01 22:56:48,19,66,0
u114,/login,sess_0100,2024-01-01 07:15:22,19,1390,0
u078,/about,sess_0101,2024-01-01 09:38:37,10,83,0
u075,/pricing,sess_0102,2024-01-01 15:02:49,5,2777,0
u054,/privacy,sess_0103,2024-01-01 13:24:50,5,2206,0
u195,/faq,sess_0104,2024-01-01 14:35:18,4,259,0
u047,/terms,sess_0105,2024-01-01 09:45:46,2,3218,0
u185,/about,sess_0106,2024-01-01 13:14:20,11,2576,0
u018,/about,sess_0107,2024-01-01 01:56:15,20,71,0
u030,/login,sess_0108,2024-01-01 02:58:06,2,1552,0
u047,/about,sess_0109,2024-01-01 17:51:29,6,2519,0
u104,/checkout,sess_0110,2024-01-01 11:31:29,16,2916,0
u015,/cart,sess_0111,2024-01-01 06:35:23,14,2286,0
u065,/pricing,sess_0112,2024-01-01 12:20:25,17,1292,0
u111,/blog,sess_0113,2024-01-01 23:46:13,19,2739,0
u028,/contact,sess_0114,2024-01-01 09:10:26,6,2760,0
u091,/search,sess_0115,2024-01-01 04:50:33,13,2240,0
u023,/faq,sess_0116,2024-01-01 20:16:03,11,1869,0
u114,/contact,sess_0117,2024-01-01 08:54:08,5,2465,0
u118,/pricing,sess_0118,2024-01-01 02:01:43,17,2524,0
u164,/contact,sess_0119,2024-01-01 02:03:07,3,47,0
u114,/privacy,sess_0120,2024-01-01 01:51:18,17,110,0
u011,/privacy,sess_0121,2024-01-01 09:02:57,8,2022,0
u151,/product,sess_0122,2024-01-01 20:14:28,6,1648,0
u163,/pricing,sess_0123,2024-01-01 05:31:55,7,10,0
u177,/search,sess_0124,2024-01-01 21:55:18,2,1050,0
u198,/faq,sess_0125,2024-01-01 11:05:29,20,942,0
u081,/privacy,sess_0126,2024-01-01 11:52:56,6,2199,0
u047,/about,sess_0127,2024-01-01 13:25:32,13,1185,0
u163,/faq,sess_0128,2024-01-01 02:58:36,17,1595,0
u017,/faq,sess_0129,2024-01-01 21:58:59,10,3194,0
u053,/terms,sess_0130,2024-01-01 19:19:13,1,2534,1
u180,/faq,sess_0131,2024-01-01 03:27:42,2,359,0
u080,/about,sess_0132,2024-01-01 11:18:49,5,2160,0
u089,/product,sess_0133,2024-01-01 13:35:06,6,1061,0
u103,/blog,sess_0134,2024-01-01 06:37:28,6,985,0
u023,/privacy,sess_0135,2024-01-01 18:28:39,3,1244,0
u013,/login,sess_0136,2024-01-01 14:35:28,1,2863,1
u027,/faq,sess_0137,2024-01-01 06:42:20,9,1356,0
u137,/privacy,sess_0138,2024-01-01 15:40:16,8,1943,0
u058,/home,sess_0139,2024-01-01 08:44:29,7,856,0
u038,/home,sess_0140,2024-01-01 18:01:13,19,3220,0
u154,/login,sess_0141,2024-01-01 21:46:09,13,1281,0
u162,/search,sess_0142,2024-01-01 05:07:59,2,1164,0
u014,/about,sess_0143,2024-01-01 18:39:14,11,2694,0
u167,/checkout,sess_0144,2024-01-01 09:46:31,15,3492,0
u093,/terms,sess_0145,2024-01-01 20:23:14,16,3145,0
u039,/search,sess_0146,2024-01-01 13:48:18,16,2089,0
u078,/cart,sess_0147,2024-01-01 06:01:57,2,2578,0
u021,/login,sess_0148,2024-01-01 19:38:08,5,3503,0
u169,/cart,sess_0149,2024-01-01 17:31:11,13,2837,0
u179,/login,sess_0150,2024-01-01 12:53:05,1,1795,1
u007,/cart,sess_0151,2024-01-01 16:26:43,3,3513,0
u063,/signup,sess_0152,2024-01-01 12:53:33,5,3592,0
u080,/about,sess_0153,2024-01-01 04:16:44,4,3535,0
u173,/faq,sess_0154,2024-01-01 03:07:15,18,314,0
u163,/cart,sess_0155,2024-01-01 07:04:17,10,1972,0
u117,/product,sess_0156,2024-01-01 05:12:06,15,2996,0
u186,/privacy,sess_0157,2024-01-01 20:37:30,1,2689,1
u157,/pricing,sess_0158,2024-01-01 20:21:19,16,1537,0
u006,/cart,sess_0159,2024-01-01 04:57:31,1,1776,1
u131,/search,sess_0160,2024-01-01 08:47:01,20,2329,0
u071,/checkout,sess_0161,2024-01-01 03:17:10,12,1388,0
u132,/checkout,sess_0162,2024-01-01 01:24:05,1,2068,1
u152,/product,sess_0163,2024-01-01 06:09:01,6,733,0
u151,/privacy,sess_0164,2024-01-01 10:17:40,1,2167,1
u151,/signup,sess_0165,2024-01-01 10:11:59,3,148,0
u147,/pricing,sess_0166,2024-01-01 14:17:13,12,3090,0
u003,/terms,sess_0167,2024-01-01 15:06:57,16,2625,0
u085,/home,sess_0168,2024-01-01 09:03:24,10,454,0
u179,/pricing,sess_0169,2024-01-01 04:10:03,13,1764,0
u069,/checkout,sess_0170,2024-01-01 19:51:01,4,3256,0
u079,/contact,sess_0171,2024-01-01 16:54:47,19,407,0
u051,/privacy,sess_0172,2024-01-01 00:04:44,10,311,0
u161,/contact,sess_0173,2024-01-01 16:47:13,18,2590,0
u114,/terms,sess_0174,2024-01-01 05:01:26,5,1529,0
u007,/login,sess_0175,2024-01-01 01:48:52,18,3517,0
u028,/signup,sess_0176,2024-01-01 08:33:52,14,3005,0
u037,/about,sess_0177,2024-01-01 02:43:20,6,2111,0
u161,/faq,sess_0178,2024-01-01 12:59:40,1,48,1
u149,/cart,sess_0179,2024-01-01 23:02:45,9,1017,0
u056,/search,sess_0180,2024-01-01 00:19:05,19,1157,0
u173,/signup,sess_0181,2024-01-01 02:25:42,5,1224,0
u155,/contact,sess_0182,2024-01-01 08:17:40,15,843,0
u114,/home,sess_0183,2024-01-01 08:45:10,16,407,0
u115,/pricing,sess_0184,2024-01-01 14:08:22,12,635,0
u120,/home,sess_0185,2024-01-01 11:06:19,1,652,1
u022,/privacy,sess_0186,2024-01-01 02:32:09,16,534,0
u009,/login,sess_0187,2024-01-01 19:45:54,15,3304,0
u129,/pricing,sess_0188,2024-01-01 07:23:22,17,2935,0
u161,/signup,sess_0189,2024-01-01 18:28:09,4,1830,0
u065,/cart,sess_0190,2024-01-01 03:55:26,11,1880,0
u143,/terms,sess_0191,2024-01-01 12:42:24,1,3454,1
u096,/blog,sess_0192,2024-01-01 09:29:06,7,756,0
u025,/signup,sess_0193,2024-01-01 20:54:40,2,2019,0
u169,/checkout,sess_0194,2024-01-01 17:22:35,11,802,0
u100,/checkout,sess_0195,2024-01-01 23:35:08,7,1424,0
u061,/home,sess_0196,2024-01-01 16:31:07,13,516,0
u070,/terms,sess_0197,2024-01-01 13:44:29,17,1698,0
u108,/faq,sess_0198,2024-01-01 01:12:21,13,2970,0
u180,/pricing,sess_0199,2024-01-01 13:07:14,9,951,0
u070,/cart,sess_0200,2024-01-01 02:17:28,2,1744,0
u162,/contact,sess_0201,2024-01-01 10:07:20,11,1173,0
u088,/privacy,sess_0202,2024-01-01 04:13:21,13,1382,0
u187,/pricing,sess_0203,2024-01-01 06:21:08,4,2896,0
u110,/cart,sess_0204,2024-01-01 13:48:50,1,3258,1
u024,/faq,sess_0205,2024-01-01 10:42:59,5,2216,0
u166,/contact,sess_0206,2024-01-01 21:47:55,1,744,1
u161,/checkout,sess_0207,2024-01-01 16:14:46,17,433,0
u078,/about,sess_0208,2024-01-01 11:41:42,17,1908,0
u023,/about,sess_0209,2024-01-01 02:31:28,3,3317,0
u111,/search,sess_0210,2024-01-01 10:26:21,10,1592,0
u070,/cart,sess_0211,2024-01-01 23:25:03,10,61,0
u177,/signup,sess_0212,2024-01-01 15:17:52,18,758,0
u191,/pricing,sess_0213,2024-01-01 15:09:38,15,2101,0
u174,/signup,sess_0214,2024-01-01 17:48:33,20,2255,0
u052,/privacy,sess_0215,2024-01-01 02:40:29,13,2733,0
u154,/blog,sess_0216,2024-01-01 20:57:08,17,1567,0
u002,/about,sess_0217,2024-01-01 10:53:51,1,405,1
u017,/blog,sess_0218,2024-01-01 20:05:58,12,3472,0
u082,/search,sess_0219,2024-01-01 19:43:35,9,924,0
u151,/faq,sess_0220,2024-01-01 11:09:57,9,1794,0
u191,/product,sess_0221,2024-01-01 14:37:46,18,34,0
u087,/checkout,sess_0222,2024-01-01 19:47:16,20,2401,0
u132,/pricing,sess_0223,2024-01-01 09:14:42,20,2083,0
u086,/pricing,sess_0224,2024-01-01 19:45:35,18,2420,0
u052,/privacy,sess_0225,2024-01-01 07:38:52,19,2505,0
u052,/cart,sess_0226,2024-01-01 02:02:37,7,2369,0
u146,/pricing,sess_0227,2024-01-01 01:21:17,1,342,1
u084,/pricing,sess_0228,2024-01-01 20:38:37,12,1340,0
u065,/cart,sess_0229,2024-01-01 19:07:08,11,858,0
u049,/terms,sess_0230,2024-01-01 16:51:21,4,1684,0
u019,/login,sess_0231,2024-01-01 07:37:32,6,630,0
u036,/about,sess_0232,2024-01-01 13:56:57,20,3156,0
u050,/faq,sess_0233,2024-01-01 09:44:22,9,120,0
u126,/home,sess_0234,2024-01-01 13:51:50,18,1992,0
u180,/faq,sess_0235,2024-01-01 01:28:33,6,2754,0
u137,/terms,sess_0236,2024-01-01 07:29:40,2,2183,0
u058,/product,sess_0237,2024-01-01 19:08:43,17,3565,0
u039,/pricing,sess_0238,2024-01-01 20:04:45,1,2165,1
u060,/product,sess_0239,2024-01-01 11:54:23,17,1060,0
u007,/search,sess_0240,2024-01-01 19:09:18,2,2608,0
u086,/signup,sess_0241,2024-01-01 08:09:16,8,1829,0
u197,/product,sess_0242,2024-01-01 19:40:02,2,1197,0
u062,/contact,sess_0243,2024-01-01 11:19:09,18,1786,0
u120,/privacy,sess_0244,2024-01-01 15:53:44,14,664,0
u181,/faq,sess_0245,2024-01-01 03:23:38,11,2094,0
u038,/pricing,sess_0246,2024-01-01 18:12:04,12,1700,0
u055,/login,sess_0247,2024-01-01 03:45:39,4,895,0
u044,/faq,sess_0248,2024-01-01 13:17:43,2,1831,0
u090,/terms,sess_0249,2024-01-01 01:29:56,20,1749,0
u004,/privacy,sess_0250,2024-01-01 09:25:35,5,110,0
u178,/blog,sess_0251,2024-01-01 15:03:03,20,1585,0
u143,/blog,sess_0252,2024-01-01 17:48:56,20,1301,0
u158,/signup,sess_0253,2024-01-01 08:02:53,17,3043,0
u113,/cart,sess_0254,2024-01-01 07:48:14,5,3073,0
u077,/search,sess_0255,2024-01-01 18:38:02,4,137,0
u024,/contact,sess_0256,2024-01-01 01:10:45,3,3075,0
u072,/about,sess_0257,2024-01-01 20:14:23,1,2761,1
u011,/faq,sess_0258,2024-01-01 04:55:05,11,1798,0
u124,/login,sess_0259,2024-01-01 23:14:28,7,3307,0
u147,/blog,sess_0260,2024-01-01 04:12:56,6,1180,0
u143,/home,sess_0261,2024-01-01 02:45:24,16,2238,0
u074,/search,sess_0262,2024-01-01 10:26:50,17,71,0
u076,/checkout,sess_0263,2024-01-01 20:13:00,2,517,0
u066,/faq,sess_0264,2024-01-01 01:32:34,19,1153,0
u015,/home,sess_0265,2024-01-01 16:54:55,10,592,0
u030,/signup,sess_0266,2024-01-01 13:17:05,11,2833,0
u184,/about,sess_0267,2024-01-01 14:24:07,19,1014,0
u138,/signup,sess_0268,2024-01-01 19:07:24,7,3034,0
u145,/contact,sess_0269,2024-01-01 02:00:43,4,2855,0
u116,/signup,sess_0270,2024-01-01 03:08:30,16,725,0
u093,/blog,sess_0271,2024-01-01 00:22:52,20,2293,0
u166,/faq,sess_0272,2024-01-01 04:52:18,7,998,0
u015,/contact,sess_0273,2024-01-01 12:47:46,8,3018,0
u052,/product,sess_0274,2024-01-01 17:07:37,9,1551,0
u149,/product,sess_0275,2024-01-01 16:08:21,16,1750,0
u093,/faq,sess_0276,2024-01-01 21:33:44,6,1090,0
u167,/faq,sess_0277,2024-01-01 08:29:24,1,1974,1
u142,/cart,sess_0278,2024-01-01 05:48:30,8,3553,0
u100,/search,sess_0279,2024-01-01 23:33:59,9,1971,0
u133,/privacy,sess_0280,2024-01-01 21:36:10,12,2336,0
u123,/product,sess_0281,2024-01-01 16:39:15,19,771,0
u163,/privacy,sess_0282,2024-01-01 09:24:52,19,1962,0
u047,/product,sess_0283,2024-01-01 07:33:53,14,1414,0
u052,/privacy,sess_0284,2024-01-01 11:51:01,10,3464,0
u036,/search,sess_0285,2024-01-01 19:05:50,7,2617,0
u026,/faq,sess_0286,2024-01-01 12:24:52,1,1091,1
u176,/search,sess_0287,2024-01-01 14:43:43,16,419,0
u011,/pricing,sess_0288,2024-01-01 06:03:04,14,1234,0
u166,/about,sess_0289,2024-01-01 04:23:37,2,1112,0
u006,/pricing,sess_0290,2024-01-01 19:38:34,17,840,0
u143,/login,sess_0291,2024-01-01 07:22:59,15,2949,0
u157,/blog,sess_0292,2024-01-01 11:46:08,6,1391,0
u130,/about,sess_0293,2024-01-01 23:58:08,7,261,0
u050,/terms,sess_0294,2024-01-01 02:59:33,12,1832,0
u169,/checkout,sess_0295,2024-01-01 18:47:40,17,1401,0
u018,/pricing,sess_0296,2024-01-01 15:21:17,17,2048,0
u186,/faq,sess_0297,2024-01-01 19:41:13,13,1620,0
u106,/login,sess_0298,2024-01-01 12:31:25,8,2283,0
u171,/search,sess_0299,2024-01-01 07:44:59,18,3593,0
u044,/contact,sess_0300,2024-01-01 14:08:42,9,3075,0
u169,/about,sess_0301,2024-01-01 15:27:14,15,1743,0
u190,/search,sess_0302,2024-01-01 07:05:12,15,1364,0
u167,/search,sess_0303,2024-01-01 03:58:36,11,2898,0
u128,/product,sess_0304,2024-01-01 14:04:04,4,2503,0
u156,/home,sess_0305,2024-01-01 08:58:11,8,928,0
u088,/contact,sess_0306,2024-01-01 00:25:58,9,1677,0
u075,/cart,sess_0307,2024-01-01 07:50:16,13,378,0
u187,/about,sess_0308,2024-01-01 12:37:26,20,1907,0
u186,/cart,sess_0309,2024-01-01 20:40:34,15,262,0
u105,/privacy,sess_0310,2024-01-01 22:40:24,9,2943,0
u129,/cart,sess_0311,2024-01-01 00:34:47,20,230,0
u145,/product,sess_0312,2024-01-01 14:29:05,2,2351,0
u174,/signup,sess_0313,2024-01-01 00:20:02,15,1221,0
u194,/home,sess_0314,2024-01-01 13:34:31,10,2583,0
u165,/faq,sess_0315,2024-01-01 17:13:55,1,1873,1
u152,/pricing,sess_0316,2024-01-01 18:48:14,6,2889,0
u053,/signup,sess_0317,2024-01-01 03:09:23,20,1855,0
u064,/login,sess_0318,2024-01-01 01:09:40,9,1067,0
u120,/cart,sess_0319,2024-01-01 19:11:32,12,1087,0
u003,/terms,sess_0320,2024-01-01 09:34:15,10,3350,0
u080,/pricing,sess_0321,2024-01-01 16:56:21,18,3336,0
u145,/checkout,sess_0322,2024-01-01 14:17:41,9,3307,0
u043,/cart,sess_0323,2024-01-01 04:40:16,6,808,0
u101,/cart,sess_0324,2024-01-01 20:49:50,7,2346,0
u192,/product,sess_0325,2024-01-01 03:28:17,15,501,0
u141,/signup,sess_0326,2024-01-01 04:40:02,11,664,0
u083,/faq,sess_0327,2024-01-01 18:11:22,16,1475,0
u195,/terms,sess_0328,2024-01-01 18:06:10,9,2691,0
u149,/privacy,sess_0329,2024-01-01 01:36:47,17,1174,0
u076,/faq,sess_0330,2024-01-01 22:46:02,17,261,0
u091,/faq,sess_0331,2024-01-01 04:51:53,12,306,0
u003,/checkout,sess_0332,2024-01-01 02:54:55,14,2942,0
u044,/signup,sess_0333,2024-01-01 00:21:28,18,3440,0
u116,/login,sess_0334,2024-01-01 15:04:35,2,1185,0
u091,/checkout,sess_0335,2024-01-01 22:12:00,10,3173,0
u096,/login,sess_0336,2024-01-01 10:34:13,19,237,0
u074,/signup,sess_0337,2024-01-01 09:53:01,1,574,1
u178,/pricing,sess_0338,2024-01-01 00:22:54,19,2129,0
u047,/search,sess_0339,2024-01-01 12:47:13,13,3032,0
u092,/login,sess_0340,2024-01-01 14:35:20,8,2924,0
u187,/cart,sess_0341,2024-01-01 00:26:24,19,1210,0
u105,/checkout,sess_0342,2024-01-01 00:00:17,12,1858,0
u033,/contact,sess_0343,2024-01-01 15:59:46,17,1083,0
u118,/signup,sess_0344,2024-01-01 06:18:42,2,1580,0
u087,/faq,sess_0345,2024-01-01 18:09:11,10,1400,0
u030,/terms,sess_0346,2024-01-01 08:01:31,15,1390,0
u186,/product,sess_0347,2024-01-01 05:56:45,10,2105,0
u011,/privacy,sess_0348,2024-01-01 05:16:06,5,672,0
u045,/login,sess_0349,2024-01-01 14:15:22,16,2279,0
u050,/blog,sess_0350,2024-01-01 12:44:57,2,1203,0
u053,/blog,sess_0351,2024-01-01 09:31:02,13,875,0
u162,/home,sess_0352,2024-01-01 16:45:21,7,517,0
u053,/about,sess_0353,2024-01-01 04:55:36,19,295,0
u030,/login,sess_0354,2024-01-01 02:47:48,20,1256,0
u019,/blog,sess_0355,2024-01-01 02:35:26,4,3005,0
u043,/product,sess_0356,2024-01-01 14:37:09,20,39,0
u180,/blog,sess_0357,2024-01-01 20:12:03,17,3525,0
u137,/product,sess_0358,2024-01-01 15:57:11,4,120,0
u049,/cart,sess_0359,2024-01-01 23:19:59,20,1471,0
u115,/checkout,sess_0360,2024-01-01 14:50:08,20,3261,0
u074,/pricing,sess_0361,2024-01-01 04:48:35,16,797,0
u100,/login,sess_0362,2024-01-01 01:39:24,18,3372,0
u100,/privacy,sess_0363,2024-01-01 15:45:11,16,284,0
u147,/checkout,sess_0364,2024-01-01 08:46:24,13,3239,0
u088,/contact,sess_0365,2024-01-01 20:19:55,8,2740,0
u082,/login,sess_0366,2024-01-01 00:01:13,1,2857,1
u142,/search,sess_0367,2024-01-01 20:43:18,11,495,0
u181,/blog,sess_0368,2024-01-01 00:05:23,20,802,0
u071,/pricing,sess_0369,2024-01-01 09:11:39,8,876,0
u160,/login,sess_0370,2024-01-01 06:19:16,20,2596,0
u057,/checkout,sess_0371,2024-01-01 21:22:46,11,338,0
u166,/home,sess_0372,2024-01-01 06:07:12,12,569,0
u101,/product,sess_0373,2024-01-01 17:45:05,15,2697,0
u185,/signup,sess_0374,2024-01-01 22:33:12,5,2654,0
u077,/faq,sess_0375,2024-01-01 23:03:14,7,319,0
u053,/search,sess_0376,2024-01-01 16:59:43,10,2452,0
u183,/terms,sess_0377,2024-01-01 10:27:07,6,1969,0
u131,/home,sess_0378,2024-01-01 04:57:13,14,23,0
u042,/signup,sess_0379,2024-01-01 18:07:20,9,3559,0
u119,/home,sess_0380,2024-01-01 02:10:44,13,1964,0
u076,/privacy,sess_0381,2024-01-01 20:47:56,2,1611,0
u154,/terms,sess_0382,2024-01-01 21:06:36,6,2692,0
u076,/privacy,sess_0383,2024-01-01 05:30:39,7,2582,0
u175,/login,sess_0384,2024-01-01 14:01:07,15,1027,0
u171,/home,sess_0385,2024-01-01 20:29:25,12,1530,0
u068,/contact,sess_0386,2024-01-01 00:47:17,3,1924,0
u086,/product,sess_0387,2024-01-01 17:34:03,3,532,0
u152,/product,sess_0388,2024-01-01 02:38:33,10,1682,0
u195,/home,sess_0389,2024-01-01 11:59:03,2,557,0
u014,/checkout,sess_0390,2024-01-01 02:39:35,2,2959,0
u044,/checkout,sess_0391,2024-01-01 18:43:33,8,2895,0
u079,/checkout,sess_0392,2024-01-01 06:03:53,4,169,0
u110,/search,sess_0393,2024-01-01 23:03:38,10,75,0
u043,/signup,sess_0394,2024-01-01 07:09:31,13,280,0
u065,/product,sess_0395,2024-01-01 07:41:12,10,3167,0
u147,/faq,sess_0396,2024-01-01 18:19:08,4,1905,0
u152,/checkout,sess_0397,2024-01-01 19:46:40,6,782,0
u112,/privacy,sess_0398,2024-01-01 21:09:53,13,1983,0
u083,/privacy,sess_0399,2024-01-01 12:43:54,8,1950,0
u073,/product,sess_0400,2024-01-01 22:41:47,4,859,0
u107,/home,sess_0401,2024-01-01 19:27:00,6,935,0
u198,/terms,sess_0402,2024-01-01 14:44:44,7,492,0
u177,/product,sess_0403,2024-01-01 23:25:41,10,668,0
u024,/pricing,sess_0404,2024-01-01 03:55:29,16,1326,0
u183,/home,sess_0405,2024-01-01 20:20:38,16,1555,0
u091,/terms,sess_0406,2024-01-01 12:33:03,18,3009,0
u197,/home,sess_0407,2024-01-01 06:36:07,5,3454,0
u162,/checkout,sess_0408,2024-01-01 15:14:48,13,1736,0
u096,/search,sess_0409,2024-01-01 04:43:04,3,1540,0
u114,/product,sess_0410,2024-01-01 16:45:27,18,1950,0
u105,/terms,sess_0411,2024-01-01 16:37:31,9,1802,0
u192,/faq,sess_0412,2024-01-01 22:10:41,8,1477,0
u093,/cart,sess_0413,2024-01-01 14:30:32,4,3495,0
u045,/search,sess_0414,2024-01-01 10:19:53,5,2724,0
u140,/pricing,sess_0415,2024-01-01 11:36:09,17,1736,0
u181,/home,sess_0416,2024-01-01 20:29:55,5,3062,0
u156,/checkout,sess_0417,2024-01-01 13:20:12,10,1598,0
u087,/terms,sess_0418,2024-01-01 23:19:21,6,3294,0
u188,/terms,sess_0419,2024-01-01 16:48:50,17,1850,0
u057,/faq,sess_0420,2024-01-01 22:59:32,8,2445,0
u193,/privacy,sess_0421,2024-01-01 13:03:14,8,3064,0
u132,/signup,sess_0422,2024-01-01 21:42:03,2,2664,0
u065,/cart,sess_0423,2024-01-01 17:14:43,5,393,0
u024,/pricing,sess_0424,2024-01-01 11:14:59,6,3101,0
u146,/terms,sess_0425,2024-01-01 10:02:05,20,2501,0
u132,/blog,sess_0426,2024-01-01 02:06:57,7,1975,0
u064,/about,sess_0427,2024-01-01 15:40:31,17,2569,0
u101,/faq,sess_0428,2024-01-01 19:50:50,20,411,0
u099,/product,sess_0429,2024-01-01 02:10:07,3,656,0
u029,/pricing,sess_0430,2024-01-01 14:02:38,18,2255,0
u126,/search,sess_0431,2024-01-01 22:44:22,10,2270,0
u151,/signup,sess_0432,2024-01-01 04:23:39,20,1694,0
u067,/home,sess_0433,2024-01-01 20:11:46,4,758,0
u156,/cart,sess_0434,2024-01-01 20:51:17,7,2867,0
u153,/cart,sess_0435,2024-01-01 02:55:39,10,730,0
u101,/terms,sess_0436,2024-01-01 20:44:05,5,600,0
u037,/checkout,sess_0437,2024-01-01 09:28:42,19,1886,0
u110,/about,sess_0438,2024-01-01 11:35:18,4,1392,0
u139,/pricing,sess_0439,2024-01-01 01:03:28,9,2099,0
u153,/search,sess_0440,2024-01-01 02:58:59,12,634,0
u041,/faq,sess_0441,2024-01-01 01:26:06,4,2344,0
u151,/blog,sess_0442,2024-01-01 05:50:06,9,2356,0
u172,/search,sess_0443,2024-01-01 06:32:37,16,977,0
u016,/contact,sess_0444,2024-01-01 06:47:39,11,1825,0
u107,/pricing,sess_0445,2024-01-01 07:17:50,2,2090,0
u073,/about,sess_0446,2024-01-01 07:27:30,8,3282,0
u059,/cart,sess_0447,2024-01-01 16:44:50,4,3136,0
u141,/terms,sess_0448,2024-01-01 15:54:08,10,3242,0
u173,/contact,sess_0449,2024-01-01 03:28:51,12,1046,0
u063,/pricing,sess_0450,2024-01-01 02:16:55,12,1507,0
u013,/signup,sess_0451,2024-01-01 07:14:43,6,125,0
u122,/login,sess_0452,2024-01-01 10:42:07,9,2252,0
u044,/blog,sess_0453,2024-01-01 15:25:18,9,790,0
u200,/about,sess_0454,2024-01-01 01:25:17,8,1792,0
u090,/search,sess_0455,2024-01-01 14:50:10,20,1770,0
u099,/home,sess_0456,2024-01-01 19:34:50,14,2360,0
u127,/about,sess_0457,2024-01-01 15:32:29,8,2463,0
u076,/home,sess_0458,2024-01-01 20:11:16,7,3582,0
u003,/blog,sess_0459,2024-01-01 01:40:46,17,3303,0
u026,/checkout,sess_0460,2024-01-01 07:42:02,4,3255,0
u074,/login,sess_0461,2024-01-01 12:16:53,7,1421,0
u063,/faq,sess_0462,2024-01-01 18:07:40,10,2798,0
u115,/pricing,sess_0463,2024-01-01 18:49:43,13,908,0
u146,/blog,sess_0464,2024-01-01 14:00:42,11,317,0
u139,/checkout,sess_0465,2024-01-01 00:24:27,3,3540,0
u022,/login,sess_0466,2024-01-01 08:40:38,3,2133,0
u173,/search,sess_0467,2024-01-01 09:22:38,18,1747,0
u017,/about,sess_0468,2024-01-01 00:09:29,14,2712,0
u130,/cart,sess_0469,2024-01-01 01:06:42,3,548,0
u054,/login,sess_0470,2024-01-01 19:16:02,4,1611,0
u062,/signup,sess_0471,2024-01-01 02:49:01,13,671,0
u066,/blog,sess_0472,2024-01-01 06:53:57,16,910,0
u124,/signup,sess_0473,2024-01-01 02:33:06,16,951,0
u114,/contact,sess_0474,2024-01-01 11:36:55,1,869,1
u064,/terms,sess_0475,2024-01-01 22:22:05,9,1062,0
u135,/login,sess_0476,2024-01-01 04:11:12,2,2873,0
u143,/about,sess_0477,2024-01-01 23:15:44,8,3291,0
u023,/contact,sess_0478,2024-01-01 01:42:18,7,3058,0
u085,/pricing,sess_0479,2024-01-01 18:12:21,9,890,0
u001,/pricing,sess_0480,2024-01-01 23:10:05,8,711,0
u184,/login,sess_0481,2024-01-01 03:12:41,20,1123,0
u112,/home,sess_0482,2024-01-01 22:50:32,11,647,0
u104,/home,sess_0483,2024-01-01 06:23:33,1,2247,1
u180,/about,sess_0484,2024-01-01 16:01:20,14,2084,0
u074,/cart,sess_0485,2024-01-01 04:58:46,7,224,0
u031,/contact,sess_0486,2024-01-01 17:40:24,16,2240,0
u110,/signup,sess_0487,2024-01-01 21:41:11,12,2438,0
u139,/terms,sess_0488,2024-01-01 06:43:04,7,1800,0
u128,/signup,sess_0489,2024-01-01 20:18:31,7,3269,0
u036,/about,sess_0490,2024-01-01 23:37:53,8,2513,0
u171,/product,sess_0491,2024-01-01 19:06:46,8,932,0
u056,/login,sess_0492,2024-01-01 01:35:54,8,2270,0
u197,/terms,sess_0493,2024-01-01 08:30:35,9,2221,0
u183,/cart,sess_0494,2024-01-01 04:42:34,2,657,0
u134,/blog,sess_0495,2024-01-01 00:54:22,14,1873,0
u199,/login,sess_0496,2024-01-01 11:06:38,18,3245,0
u128,/blog,sess_0497,2024-01-01 08:29:34,1,1368,1
u179,/cart,sess_0498,2024-01-01 03:06:15,6,355,0
u126,/privacy,sess_0499,2024-01-01 09:49:53,15,3573,0
u071,/contact,sess_0500,2024-01-01 08:06:51,3,1904,0
u082,/cart,sess_0501,2024-01-01 04:05:42,8,1854,0
u140,/search,sess_0502,2024-01-01 13:41:22,20,1147,0
u187,/terms,sess_0503,2024-01-01 11:27:30,16,1378,0
u034,/contact,sess_0504,2024-01-01 04:50:07,5,951,0
u182,/product,sess_0505,2024-01-01 20:26:10,8,2372,0
u156,/cart,sess_0506,2024-01-01 11:48:31,5,1864,0
u154,/faq,sess_0507,2024-01-01 02:00:28,18,1153,0
u195,/contact,sess_0508,2024-01-01 06:04:31,8,794,0
u073,/search,sess_0509,2024-01-01 16:13:07,1,1246,1
u147,/home,sess_0510,2024-01-01 19:31:51,5,2601,0
u041,/terms,sess_0511,2024-01-01 11:30:55,12,1305,0
u187,/faq,sess_0512,2024-01-01 13:36:56,9,93,0
u101,/product,sess_0513,2024-01-01 08:33:03,5,755,0
u198,/contact,sess_0514,2024-01-01 14:31:22,15,413,0
u061,/about,sess_0515,2024-01-01 23:39:28,3,1244,0
u125,/contact,sess_0516,2024-01-01 17:47:53,5,3236,0
u098,/about,sess_0517,2024-01-01 06:16:48,9,1914,0
u049,/about,sess_0518,2024-01-01 14:15:41,11,2250,0
u063,/blog,sess_0519,2024-01-01 18:24:14,20,2194,0
u116,/faq,sess_0520,2024-01-01 08:55:33,2,2411,0
u165,/privacy,sess_0521,2024-01-01 21:04:37,7,2448,0
u173,/privacy,sess_0522,2024-01-01 13:59:53,5,68,0
u032,/checkout,sess_0523,2024-01-01 18:33:32,4,483,0
u115,/login,sess_0524,2024-01-01 16:38:14,3,3234,0
u083,/about,sess_0525,2024-01-01 22:01:49,12,3171,0
u116,/cart,sess_0526,2024-01-01 20:48:48,5,1533,0
u025,/blog,sess_0527,2024-01-01 18:10:14,5,302,0
u037,/pricing,sess_0528,2024-01-01 06:59:02,4,735,0
u194,/blog,sess_0529,2024-01-01 21:09:53,11,565,0
u047,/login,sess_0530,2024-01-01 14:11:40,3,3596,0
u191,/about,sess_0531,2024-01-01 16:14:02,13,1119,0
u129,/checkout,sess_0532,2024-01-01 14:50:40,13,1086,0
u010,/about,sess_0533,2024-01-01 06:49:31,19,1722,0
u180,/product,sess_0534,2024-01-01 02:57:02,15,3167,0
u105,/about,sess_0535,2024-01-01 14:11:20,14,1488,0
u178,/faq,sess_0536,2024-01-01 09:55:04,9,2108,0
u081,/terms,sess_0537,2024-01-01 02:49:10,9,556,0
u132,/checkout,sess_0538,2024-01-01 22:14:38,2,3531,0
u180,/checkout,sess_0539,2024-01-01 00:42:56,17,3523,0
u148,/login,sess_0540,2024-01-01 07:42:49,12,3504,0
u074,/checkout,sess_0541,2024-01-01 20:51:32,12,500,0
u064,/cart,sess_0542,2024-01-01 10:50:51,1,273,1
u046,/home,sess_0543,2024-01-01 22:20:22,18,1745,0
u010,/cart,sess_0544,2024-01-01 18:53:49,3,2544,0
u129,/login,sess_0545,2024-01-01 00:58:39,8,1187,0
u181,/blog,sess_0546,2024-01-01 20:45:20,12,1918,0
u167,/login,sess_0547,2024-01-01 10:32:12,13,632,0
u108,/pricing,sess_0548,2024-01-01 04:34:13,6,1001,0
u093,/home,sess_0549,2024-01-01 08:49:50,11,1814,0
u107,/search,sess_0550,2024-01-01 12:15:41,4,3074,0
u055,/privacy,sess_0551,2024-01-01 00:24:34,16,3548,0
u117,/home,sess_0552,2024-01-01 18:29:54,1,1115,1
u139,/privacy,sess_0553,2024-01-01 02:28:48,2,1906,0
u084,/cart,sess_0554,2024-01-01 07:38:22,12,2095,0
u097,/login,sess_0555,2024-01-01 17:10:06,11,1355,0
u089,/about,sess_0556,2024-01-01 20:12:48,14,1537,0
u008,/signup,sess_0557,2024-01-01 16:33:04,5,3088,0
u028,/login,sess_0558,2024-01-01 13:06:07,13,718,0
u158,/home,sess_0559,2024-01-01 15:06:44,18,94,0
u126,/search,sess_0560,2024-01-01 05:23:30,12,1252,0
u093,/about,sess_0561,2024-01-01 17:40:31,11,51,0
u132,/search,sess_0562,2024-01-01 19:34:38,19,3002,0
u024,/cart,sess_0563,2024-01-01 19:09:03,15,238,0
u136,/home,sess_0564,2024-01-01 08:15:25,1,1392,1
u142,/signup,sess_0565,2024-01-01 10:01:41,4,1174,0
u048,/login,sess_0566,2024-01-01 18:27:11,10,2390,0
u082,/cart,sess_0567,2024-01-01 01:43:22,11,920,0
